"0","# ΚΑΤΑΣΤΑΣΗ ΠΕΖΟΔΡΟΜΙΩΝ"
"0",""
"0","dimoi <- c(""Καλαμάτας"", ""Μετεώρων"", ""Ρεθύμνης"", ""Ζίτσας"", ""Γλυφάδας"", ""Σύρου - Ερμούπολης"", ""Αβδήρων"", ""Νέστου"", ""Δίου - Ολύμπου"", ""Τυρνάβου"","
"0","""Ιστιαίας - Αιδηψού"", ""Αγρινίου"", ""Παγγαίου"", ""Αμπελοκήπων - Μενεμένης"", ""Λαρισαίων"", ""Μονεμβασίας"", ""Άργους Ορεστικού"", ""Αγίας Βαρβάρας"", ""Αλίμου"", ""Σικυωνίων"","
"0","""Ξυλοκάστρου - Ευρωστίνης"", ""Πολυγύρου"", ""Νεάπολης - Συκεών"", ""Δυτικής Λέσβου"", ""Ελληνικού - Αργυρούπολης"", ""Καστοριάς"", ""Παιονίας"", ""Έδεσσας"", ""Μοσχάτου - Ταύρου"", ""Κορυδαλλού"","
"0","""Βέροιας"", ""Κομοτηνής"", ""Δράμας"", ""Αλεξανδρούπολης"", ""Λοκρών"", ""Κοζάνης"", ""Αγίων Αναργύρων - Καματερού"", ""Ήλιδας"", ""Φαρσάλων"", ""Ηρωικής Πόλεως Νάουσας"","
"0","""Τρίπολης"", ""Μεταμορφώσεως"", ""Κιλελέρ"", ""Αρταίων"", ""Χαλκηδόνος"", ""Φυλής"", ""Μεσσήνης"", ""Λήμνου"", ""Νέας Προποντίδας"", ""Μυτιλήνης"","
"0","""Περιστερίου"", ""Εορδαίας"", ""Βόλου"", ""Ανατολικής Σάμου"", ""Ορεστιάδας"", ""Σκύδρας"", ""Ιεράπετρας"", ""Χανίων"", ""Δελφών"", ""Φλώρινας"","
"0","""Ασπροπύργου"", ""Βέλου - Βόχας"", ""Λαμιέων"", ""Λεβαδέων"", ""Σιντικής"", ""Παύλου Μελά"", ""Βόλβης"", ""Τανάγρας"", ""Σπάρτης"", ""Αλμυρού"","
"0","""Βάρης - Βούλας - Βουλιαγμένης"", ""Λαυρεωτικής"", ""Αρχανών - Αστερουσίων"", ""Γρεβενών"", ""Τρικκαίων"", ""Λουτρακίου Περαχώρας Αγ.Θεοδώρων"", ""Άργους - Μυκηνών"", ""Αίγινας"", ""Γαλατσίου"", ""Πέλλας"","
"0","""Βριλησσίων"", ""Ιωαννιτών"", ""Εμμανουήλ Παππά"", ""Θερμαϊκού"", ""Χίου"", ""Παπάγου - Χολαργού"", ""Σερρών"", ""Παλαιού Φαλήρου"", ""Αγίου Νικολάου"", ""Ιλίου"","
"0","""Πατρέων"", ""Σαρωνικού"", ""Ναυπλιέων"", ""Κορινθίων"", ""Πετρουπόλεως"", ""Μάνδρας - Ειδυλλίας"", ""Λυκόβρυσης - Πεύκης"", ""Αμυνταίου"", ""Κατερίνης"", ""Καβάλας"","
"0","""Θέρμης"", ""Ζηρού"", ""Αγίου Δημητρίου"", ""Κύμης - Αλιβερίου"", ""Τριφυλίας"", ""Ηλιουπόλεως"", ""Δυτικής Σάμου"", ""Κερατσινίου - Δραπετσώνας"", ""Κιλκίς"", ""Πάρου"","
"0","""Λαγκαδά"", ""Σιθωνίας"", ""Μαλεβιζίου"", ""Πυλαίας - Χορτιάτη"", ""Δάφνης - Υμηττού"", ""Πύργου"", ""Χαλανδρίου"", ""Αργοστολίου"", ""Πάργας"", ""Αιγάλεω"","
"0","""Σητείας"", ""Δέλτα"", ""Θεσσαλονίκης"", ""Αιγιαλείας"", ""Διδυμοτείχου"", ""Νίκαιας - Αγίου Ιωάννη Ρέντη"", ""Καλαμαριάς"", ""Σαλαμίνας"", ""Πειραιώς"", ""Νάξου και Μικρών Κυκλάδων"","
"0","""Βύρωνος"", ""Νέας Φιλαδελφείας - Νέας Χαλκηδόνος"", ""Ηγουμενίτσας"", ""Καρδίτσας"", ""Καλλιθέας"", ""Κορδελιού - Ευόσμου"", ""Αχαρνών"", ""Κω"", ""Κηφισιάς"", ""Ναυπακτίας"","
"0","""Ιεράς Πόλης Μεσολογγίου"", ""Νέας Σμύρνης"", ""Ανδραβίδας - Κυλλήνης"", ""Αγίας Παρασκευής"", ""Αμαρουσίου"", ""Αλμωπίας"", ""Ωραιοκάστρου"", ""Αλεξάνδρειας"", ""Χαϊδαρίου"", ""Πρέβεζας"","
"0","""Παιανίας"", ""Φιλοθέης - Ψυχικού"", ""Περάματος"", ""Βόρειας Κέρκυρας"", ""Χαλκιδέων"", ""Λευκάδας"", ""Ραφήνας - Πικερμίου"", ""Καισαριανής"", ""Χερσονήσου"", ""Κρωπίας"","
"0","""Φαιστού"", ""Ξάνθης"", ""Παλλήνης"", ""Νέας Ιωνίας"", ""Ηρακλείου Αττικής"", ""Μυκόνου"", ""Κασσάνδρας"", ""Ελευσίνας"", ""Αθηναίων"", ""Σπάτων - Αρτέμιδος"","
"0","""Πεντέλης"", ""Μαραθώνος"", ""Ρόδου"", ""Ζωγράφου"", ""Ωρωπού"", ""Θηβαίων"", ""Μεγαρέων"", ""Ηρακλείου"", ""Διονύσου"", ""Θήρας"","
"0","""Κεντρικής Κέρκυρας & Δ.Ν."", ""Ζακύνθου"", ""Καλυμνίων"", ""Μαρκοπούλου Μεσογαίας"")"
"0",""
"0","bathmologia <- c(4.5, 4.5, 4.5, 4.4, 4.2, 4.2, 4.2, 4.1, 4.1, 4.1,"
"0","4.1, 4.1, 4.0, 4.0, 4.0, 4.0, 4.0, 3.9, 3.9, 3.9,"
"0","3.9, 3.9, 3.9, 3.9, 3.9, 3.8, 3.8, 3.8, 3.7, 3.7,"
"0","3.7, 3.7, 3.7, 3.7, 3.7, 3.7, 3.7, 3.7, 3.6, 3.6,"
"0","3.6, 3.6, 3.6, 3.6, 3.6, 3.5, 3.5, 3.5, 3.5, 3.5,"
"0","3.5, 3.4, 3.4, 3.4, 3.4, 3.4, 3.4, 3.4, 3.4, 3.4,"
"0","3.4, 3.4, 3.3, 3.3, 3.3, 3.3, 3.3, 3.3, 3.3, 3.3,"
"0","3.3, 3.3, 3.2, 3.2, 3.2, 3.2, 3.2, 3.2, 3.2, 3.2,"
"0","3.2, 3.2, 3.2, 3.1, 3.1, 3.1, 3.1, 3.1, 3.1, 3.1,"
"0","3.1, 3.1, 3.1, 3.1, 3.1, 3.1, 3.1, 3.1, 3.1, 3.1,"
"0","3.1, 3.0, 3.0, 3.0, 3.0, 3.0, 3.0, 3.0, 3.0, 3.0,"
"0","3.0, 2.9, 2.9, 2.9, 2.9, 2.9, 2.9, 2.9, 2.9, 2.9,"
"0","2.9, 2.9, 2.9, 2.8, 2.8, 2.8, 2.8, 2.8, 2.8, 2.8,"
"0","2.8, 2.8, 2.8, 2.8, 2.8, 2.8, 2.8, 2.8, 2.8, 2.8,"
"0","2.7, 2.7, 2.7, 2.7, 2.7, 2.7, 2.7, 2.7, 2.7, 2.7,"
"0","2.7, 2.7, 2.6, 2.6, 2.6, 2.6, 2.6, 2.6, 2.5, 2.5,"
"0","2.5, 2.5, 2.5, 2.5, 2.5, 2.4, 2.4, 2.4, 2.4, 2.4,"
"0","2.4, 2.4, 2.4, 2.3, 2.3, 2.3, 2.3, 2.3, 2.2, 2.2,"
"0","2.2, 2.1, 2.1, 1.9)"
"0",""
"0","# 3. Συνδυασμός των vectors σε ένα data.frame"
"0","pezodromia <- data.frame("
"0","  Δήμος = dimoi,"
"0","   ΚΑΤΑΣΤΑΣΗ_ΠΕΖΟΔΡΟΜΙΩΝ = bathmologia"
"0",")"
"0",""
"0","pezodromia <- clean_municipality_names(pezodromia, name_col_name = ""Δήμος"", ""ΚΑΤΑΣΤΑΣΗ_ΠΕΖΟΔΡΟΜΙΩΝ"")"
"0",""
"0","axiologisi <- merge(axiologisi,pezodromia, by=""Dhmos_Key"")"
